{
    "baseName" : "unicam",
    "uniqueName" : "unicam",
    "nickname" : "OV9281",
    "FOV" : 70.0,
    "path" : "/dev/video0",
    "cameraType" : "ZeroCopyPicam",
    "currentPipelineIndex" : -1,
    "calibrations" : [ {
      "resolution" : {
        "width" : 1280.0,
        "height" : 800.0
      },
      "cameraIntrinsics" : {
        "rows" : 3,
        "cols" : 3,
        "type" : 6,
        "data" : [1112.4547890769938,0.0,663.6124591303358,0.0,1111.3531572846641,412.80031161819403,0.0,0.0,1.0]},
      "cameraExtrinsics" : {
        "rows" : 1,
        "cols" : 5,
        "type" : 6,
        "data" : [-0.4514174597273948,0.278337697013263,-5.52519492002463E-4,4.857729483680006E-4,-0.11885402155448895]
      },
      "perViewErrors" : [0.2971012109678369, 0.12576557085003703, 0.1796160362928958, 0.1779247929631955, 0.2957318900495999, 0.3249251048943359, 0.35844737004511507, 0.29115092204473597, 0.4775477984239399, 0.4469738722273242, 0.48553030534608843, 0.2707406955620579, 0.7519826240901628, 0.44113969111354984, 0.6281008862775103, 0.6326514625086462, 0.5743038217747284, 0.23696478291014547, 0.3127285280455427, 0.3115440867102178, 0.3673313162674454, 0.5073415766926989, 0.21942908229668598, 0.1979135332921347, 0.24289369458423196, 0.2561854302542379, 0.3261216908144804, 0.2950586178301154, 0.38479860705526636, 0.3278490726152543, 0.3215970271767737, 0.3096973953235643, 0.25716450724301293, 0.20130525611173403, 0.3136055183205494, 0.4663827889291768, 0.18805377337296086, 0.33056559574921396, 0.49925118481498504, 0.48004373729971633, 1.9352892020075385, 0.24094194788287787, 0.23409519246854998, 0.2867500409847981, 0.19190959843509287, 0.26869458161116644, 0.19357917607982356, 0.1770723648059216, 0.161702271111148, 0.17784783889974776]
  ,
      "standardDeviation" : 0.2628976859421329
    } ],
    "streamIndex" : 0
  }