{
    "baseName" : "unicam",
    "uniqueName" : "unicam",
    "nickname" : "OV9281",
    "FOV" : 70.0,
    "path" : "/dev/video0",
    "cameraType" : "ZeroCopyPicam",
    "currentPipelineIndex" : -1,
    "calibrations" : [ {
      "resolution" : {
        "width" : 640.0,
        "height" : 480.0
      },
      "cameraIntrinsics" : {
        "rows" : 3,
        "cols" : 3,
        "type" : 6,
        "data" : [ 664.9638342299072, 0.0, 331.653074588267, 0.0, 664.1959521139911, 242.2718841601446, 0.0, 0.0, 1.0 ]
      },
      "cameraExtrinsics" : {
        "rows" : 1,
        "cols" : 5,
        "type" : 6,
        "data" : [ -0.4493854015339468, 0.2531213392763761, 3.675826846540866E-4, 7.261366208382897E-4, -0.06328335748796979 ]
      },
      "perViewErrors" : [ 0.13182538105566677, 0.15980284630725258, 0.14542055988009428, 0.12491942787547196, 0.150939521025986, 0.15195146311122973, 0.13287084478337535, 0.12665130489522752, 0.11318470125327593, 0.1258360026436702, 0.10654843267172825, 0.11627462671870217, 0.1487310262216628, 0.1550731424328465, 0.126826275328524, 0.15381360162934937, 0.11765204059468705, 0.13019949703900427, 0.13955367184661396, 0.15980284630725103, 0.14873102622166412, 0.15093952102598457, 0.15507314243285006, 0.13182538105566732, 0.11318470125327655, 0.10654843267172764, 0.11627462671870195, 0.13287084478337524, 0.15195146311123214, 0.12583600264366798, 0.12665130489523033, 0.12319699312437939, 0.1265014298798513, 0.12942651542257008, 0.12437101192218039, 0.17424157071086444, 0.1889119211762883, 0.15378446654463446, 0.19041176869026558, 0.24496304218789777, 0.19623254869923973, 0.14132736592971654, 0.16602156026403167, 0.14920259719977774, 0.1514678743273455, 0.20229420078243007, 0.23382076907457, 0.15590197147025942, 0.13482563443331774, 0.2426127322135262, 0.1690474036167044, 0.19680991387979271, 0.13802354150860302, 0.13864932292753726, 0.14710342070607774, 0.1539027472324678, 0.16459968213228648, 0.14329950495529653, 0.17575779418988696, 0.12433609326538614, 0.1308236514045161, 0.18484558786274005, 0.12774992749584507, 0.10852550270774348, 0.14330330665215046, 0.21027900198532745, 0.212404409013947, 0.24289828373618674, 0.23339993964629344, 0.17679531297803164, 0.2019407965223005, 0.14409538646347397, 0.31635441909710876, 0.1779482239165838, 0.19644009663738468, 0.12192927798914863, 0.14942026964033592, 0.15717151765275267, 0.19005482057513953, 0.18700164355558982, 0.15237221286897343, 0.31570209199349153, 0.3007235779702398, 0.2539284458280328, 0.1465311998505944, 0.08754268428613803, 0.14521683671863442, 0.8192629556872305, 0.21213751562465477, 0.21947035361601272, 0.2089783251083612, 0.2947755293687995, 0.2203455494737595, 0.24581978170425106, 0.1217058921907618, 0.1183139147506596, 0.15559080885768836, 0.1303693969569636, 0.17020893500193998, 0.18009724651003556, 0.21971416574103433, 0.2476944394296396, 0.23891984826111232, 0.27373889981456184, 0.08896560983624732, 0.0959995381901503, 0.11917626730858373, 0.11302581003946578 ],
      "standardDeviation" : 0.07954027064229015
    }]
  }